{"Bawang merah": {"grup": "Sayuran", "tahun": [2018, 2019, 2020, 2021, 2022, 2023, 2024], "nilai": [16.231, 16.7511, 15.8398, 17.4506, 18.6472, 18.6268, 18.1783], "tahun_fc": [2025, 2026, 2027], "nilai_fc": [19.1608, 19.6037, 20.0465], "tren": "naik", "slope": 0.442882}, "Bawang putih": {"grup": "Sayuran", "tahun": [2018, 2019, 2020, 2021, 2022, 2023, 2024], "nilai": [27.0493, 27.0606, 26.176, 28.1672, 29.2972, 28.2957, 28.084], "tahun_fc": [2025, 2026, 2027], "nilai_fc": [28.9751, 29.2856, 29.5962], "tren": "naik", "slope": 0.310554}, "Bayam": {"grup": "Sayuran", "tahun": [2018, 2019, 2020, 2021, 2022, 2023, 2024], "nilai": [3.2498, 3.3436, 3.4991, 3.3908, 3.6579, 3.3894, 3.2891], "tahun_fc": [2025, 2026, 2027], "nilai_fc": [3.4554, 3.4686, 3.4817], "tren": "naik", "slope": 0.013154}, "Beras (beras lokal, kualitas unggul, impor)": {"grup": "Padi", "tahun": [2018, 2019, 2020, 2021, 2022, 2023, 2024, 2025], "nilai": [83.7215, 81.6581, 81.821, 83.9095, 83.262, 83.5316, 81.4697, 80.9946], "tahun_fc": [2025, 2026, 2027], "nilai_fc": [81.8983, 81.7132, 81.5281], "tren": "turun", "slope": -0.185071}, "Buncis": {"grup": "Sayuran", "tahun": [2018, 2019, 2020, 2021, 2022, 2023, 2024], "nilai": [0.8229, 0.8319, 0.7982, 0.8844, 0.9778, 0.9406, 0.8806], "tahun_fc": [2025, 2026, 2027], "nilai_fc": [0.9581, 0.9784, 0.9988], "tren": "naik", "slope": 0.020361}, "Cabe hijau": {"grup": "Sayuran", "tahun": [2018, 2019, 2020, 2021, 2022, 2023, 2024], "nilai": [0.289, 0.3064, 0.2843, 0.3199, 0.3179, 0.3357, 0.2903], "tahun_fc": [2025, 2026, 2027], "nilai_fc": [0.3199, 0.3234, 0.3268], "tren": "naik", "slope": 0.003432}, "Cabe merah": {"grup": "Sayuran", "tahun": [2018, 2019, 2020, 2021, 2022, 2023, 2024], "nilai": [1.6919, 1.8645, 1.6721, 1.7883, 1.8716, 1.9211, 1.72], "tahun_fc": [2025, 2026, 2027], "nilai_fc": [1.8466, 1.8608, 1.875], "tren": "naik", "slope": 0.014179}, "Cabe rawit": {"grup": "Sayuran", "tahun": [2018, 2019, 2020, 2021, 2022, 2023, 2024], "nilai": [1.7228, 1.8486, 1.7015, 1.8705, 1.9522, 2.0848, 2.0854], "tahun_fc": [2025, 2026, 2027], "nilai_fc": [2.1538, 2.2185, 2.2832], "tren": "naik", "slope": 0.064675}, "Durian": {"grup": "Buah", "tahun": [2018, 2019, 2020, 2021, 2022, 2023, 2024], "nilai": [2.2545, 2.6946, 3.7373, 0.4487, 1.284, 1.5664, 3.8104], "tahun_fc": [2025, 2026, 2027], "nilai_fc": [2.2506, 2.2491, 2.2476], "tren": "turun", "slope": -0.0015}, "Jagung basah dengan kulit": {"grup": "Padi", "tahun": [2018, 2019, 2020, 2021, 2022, 2023, 2024, 2025], "nilai": [1.7913, 2.2678, 2.5884, 2.0413, 1.6538, 1.8789, 2.3743, 2.127], "tahun_fc": [2025, 2026, 2027], "nilai_fc": [2.1056, 2.11, 2.1143], "tren": "naik", "slope": 0.004362}, "Jagung pipilan/beras jagung/jagung titil": {"grup": "Padi", "tahun": [2018, 2019, 2020, 2021, 2022, 2023, 2024, 2025], "nilai": [1.2526, 1.1133, 0.9632, 1.0775, 0.9149, 0.8608, 0.6614, 0.7126], "tahun_fc": [2025, 2026, 2027], "nilai_fc": [0.6733, 0.5958, 0.5183], "tren": "turun", "slope": -0.077492}, "Jeruk, jeruk bali": {"grup": "Buah", "tahun": [2018, 2019, 2020, 2021, 2022, 2023, 2024], "nilai": [2.7694, 3.3454, 2.5175, 3.4875, 3.9066, 3.4343, 2.8015], "tahun_fc": [2025, 2026, 2027], "nilai_fc": [3.4179, 3.4773, 3.5367], "tren": "naik", "slope": 0.0594}, "Kacang panjang": {"grup": "Sayuran", "tahun": [2018, 2019, 2020, 2021, 2022, 2023, 2024], "nilai": [2.2382, 2.2512, 2.2153, 2.1415, 2.2254, 2.1927, 2.0119], "tahun_fc": [2025, 2026, 2027], "nilai_fc": [2.0701, 2.042, 2.0139], "tren": "turun", "slope": -0.028064}, "Kangkung": {"grup": "Sayuran", "tahun": [2018, 2019, 2020, 2021, 2022, 2023, 2024], "nilai": [4.2803, 4.1893, 4.2079, 4.3324, 4.56, 4.5306, 4.2939], "tahun_fc": [2025, 2026, 2027], "nilai_fc": [4.4957, 4.5341, 4.5725], "tren": "naik", "slope": 0.038411}, "Kol/kubis": {"grup": "Sayuran", "tahun": [2018, 2019, 2020, 2021, 2022, 2023, 2024], "nilai": [1.5593, 1.5634, 1.4955, 1.5885, 1.7991, 1.7271, 1.6004], "tahun_fc": [2025, 2026, 2027], "nilai_fc": [1.7268, 1.7537, 1.7807], "tren": "naik", "slope": 0.026939}, "Labu, labu siam, labu parang": {"grup": "Sayuran", "tahun": [2018, 2019, 2020, 2021, 2022, 2023, 2024], "nilai": [2.143, 2.2062, 2.2158, 2.293, 2.2518, 2.2138, 2.149], "tahun_fc": [2025, 2026, 2027], "nilai_fc": [2.2203, 2.2227, 2.2252], "tren": "naik", "slope": 0.002471}, "Mangga": {"grup": "Buah", "tahun": [2018, 2019, 2020, 2021, 2022, 2023, 2024], "nilai": [1.0577, 0.7583, 0.8593, 0.837, 0.6541, 0.8393, 1.2923], "tahun_fc": [2025, 2026, 2027], "nilai_fc": [0.9941, 1.0177, 1.0413], "tren": "naik", "slope": 0.023593}, "Mentimun": {"grup": "Sayuran", "tahun": [2018, 2019, 2020, 2021, 2022, 2023, 2024], "nilai": [1.7906, 1.8502, 1.9684, 2.0717, 2.0224, 2.0559, 1.8582], "tahun_fc": [2025, 2026, 2027], "nilai_fc": [2.0408, 2.0647, 2.0885], "tren": "naik", "slope": 0.023864}, "Pepaya": {"grup": "Buah", "tahun": [2018, 2019, 2020, 2021, 2022, 2023, 2024], "nilai": [2.4103, 2.3703, 2.3666, 3.3959, 3.7206, 3.6259, 2.7192], "tahun_fc": [2025, 2026, 2027], "nilai_fc": [3.6287, 3.7998, 3.971], "tren": "naik", "slope": 0.171139}, "Pisang ambon": {"grup": "Buah", "tahun": [2018, 2019, 2020, 2021, 2022, 2023, 2024], "nilai": [1.6881, 1.4728, 1.3502, 1.7936, 2.1441, 2.0771, 1.5976], "tahun_fc": [2025, 2026, 2027], "nilai_fc": [1.9792, 2.041, 2.1029], "tren": "naik", "slope": 0.061821}, "Pisang lainnya": {"grup": "Buah", "tahun": [2018, 2019, 2020, 2021, 2022, 2023, 2024], "nilai": [7.0949, 6.3568, 6.0106, 7.4191, 7.1163, 6.769, 5.477], "tahun_fc": [2025, 2026, 2027], "nilai_fc": [6.1886, 6.0842, 5.9798], "tren": "turun", "slope": -0.104414}, "Sawi hijau": {"grup": "Sayuran", "tahun": [2018, 2019, 2020, 2021, 2022, 2023, 2024], "nilai": [1.4016, 1.3608, 1.4036, 1.5339, 1.5421, 1.5754, 1.3739], "tahun_fc": [2025, 2026, 2027], "nilai_fc": [1.5251, 1.5424, 1.5597], "tren": "naik", "slope": 0.017307}, "Sawi putih (petsai)": {"grup": "Sayuran", "tahun": [2018, 2019, 2020, 2021, 2022, 2023, 2024], "nilai": [0.9077, 0.898, 0.9249, 1.1038, 1.145, 1.1787, 1.1116], "tahun_fc": [2025, 2026, 2027], "nilai_fc": [1.2376, 1.2873, 1.3371], "tren": "naik", "slope": 0.049757}, "Semangka": {"grup": "Buah", "tahun": [2018, 2019, 2020, 2021, 2022, 2023, 2024], "nilai": [1.4168, 1.5363, 1.6846, 1.9482, 3.0634, 2.5996, 2.5058], "tahun_fc": [2025, 2026, 2027], "nilai_fc": [3.0753, 3.3172, 3.559], "tren": "naik", "slope": 0.241871}, "Terong": {"grup": "Sayuran", "tahun": [2018, 2019, 2020, 2021, 2022, 2023, 2024], "nilai": [2.9457, 3.0799, 3.1188, 2.9495, 3.213, 3.3245, 3.1847], "tahun_fc": [2025, 2026, 2027], "nilai_fc": [3.3024, 3.3488, 3.3952], "tren": "naik", "slope": 0.046443}, "Tomat buah": {"grup": "Buah", "tahun": [2018, 2019, 2020, 2021, 2022, 2023, 2024], "nilai": [0.9601, 1.0644, 1.1142, 1.0912, 0.8643, 0.8864, 0.792], "tahun_fc": [2025, 2026, 2027], "nilai_fc": [0.8089, 0.7693, 0.7296], "tren": "turun", "slope": -0.03965}, "Tomat sayur, tomat ceri": {"grup": "Sayuran", "tahun": [2018, 2019, 2020, 2021, 2022, 2023, 2024], "nilai": [2.4387, 2.3373, 2.2776, 2.4694, 2.5809, 2.6309, 2.2194], "tahun_fc": [2025, 2026, 2027], "nilai_fc": [2.4553, 2.4636, 2.4719], "tren": "naik", "slope": 0.008307}, "Wortel": {"grup": "Sayuran", "tahun": [2018, 2019, 2020, 2021, 2022, 2023, 2024], "nilai": [1.1031, 1.1008, 1.1316, 1.175, 1.2789, 1.2344, 1.1366], "tahun_fc": [2025, 2026, 2027], "nilai_fc": [1.2393, 1.2577, 1.2761], "tren": "naik", "slope": 0.018393}}